id;lemmaword;meat;milky;green;fish;seafood;gluten;flour;pig;mushroom;vegan
0;Шампиньоны;-;-;-;-;-;-;-;-;+;+;27.0;4.25;1.0;0.0
1;Кабачок;-;-;-;-;-;-;-;-;-;+;24.0;0.6666666666666666;0.3333333333333333;4.666666666666667
2;Картофель;-;-;-;-;-;-;-;-;-;+;77.0;2.0;0.5;16.5
3;Морковь;-;-;-;-;-;-;-;-;-;+;35.0;1.0;0.0;7.0
4;Лук репчатый;-;-;-;-;-;-;-;-;-;+;41.0;1.0;0.0;8.0
5;Помидоры;-;-;-;-;-;-;-;-;-;+;20.0;1.0;0.0;4.0
6;петрушка;-;-;+;-;-;-;-;-;-;+;49.0;3.7;0.4;7.6
7;Вода;-;-;-;-;-;-;-;-;-;+;0.0;0.0;0.0;0.0
8;масло;-;-;-;-;-;-;-;-;-;+;884.0;0.0;100.0;0.0
9;Свекла;-;-;-;-;-;-;-;-;-;+;42.0;1.5;0.0;9.0
10;Капуста белокочанная;-;-;-;-;-;-;-;-;-;+;28.0;2.0;0.0;5.0
11;чеснок;-;-;-;-;-;-;-;-;-;+;149.0;6.5;0.5;29.9
12;грудка;+;-;-;-;-;-;-;-;-;-;113.0;23.6;1.9;0.4
13;Рис белый;-;-;-;-;-;-;-;-;-;+;344.0;6.5;0.5;79.0
14;Укроп и другие пряные травы;-;-;+;-;-;-;-;-;-;+;40.0;5.0;0.0;5.0
15;Курица тушка;+;-;-;-;-;-;-;-;-;-;238.0;18.25;18.5;0.0
16;Горбуша;-;-;-;+;-;-;-;-;-;-;147.0;21.0;7.0;0.0
17;Водка;-;-;-;-;-;-;-;-;-;+;235.0;0.0;0.0;0.0
18;Креветки очищенные;-;-;-;-;+;-;-;-;-;-;98.05555555555556;20.555555555555554;1.6666666666666665;0.2777777777777778
19;Огурец соленый;-;-;-;-;-;-;-;-;-;+;13.0;1.0;0.0;1.5
20;Крупа перловая;-;-;-;-;-;+;-;-;-;+;316.0;10.0;2.0;68.0
21;Перец сладкий;-;-;-;-;-;-;-;-;-;+;26.0;1.0;0.0;5.0
22;Фасоль стручковая;-;-;-;-;-;-;-;-;-;+;23.0;3.0;0.0;3.0
23;Горошек зеленый;-;-;-;-;-;-;-;-;-;+;73.0;5.0;0.0;14.0
24;Куркума;-;-;-;-;-;-;-;-;-;+;350.0;0.0;0.0;50.0
25;Кефир 1% жирности;-;+;-;-;-;-;-;-;-;-;40.0;3.0;1.0;4.0
26;Яйцо куриное;-;-;-;-;-;-;-;-;-;-;157.0;12.5;11.5;0.5
27;Орех грецкий;-;-;-;-;-;-;-;-;-;+;660.0;20.0;60.0;20.0
28;Хлеб ржаной;-;-;-;-;-;+;+;-;-;+;165.625;6.875;1.25;34.375
29;Мука цельнозерновая;-;-;-;-;-;+;+;-;-;+;310.0;10.0;0.0;60.0
30;Молоко 2,5%;-;+;-;-;-;-;-;-;-;-;54.0;2.8;2.4;4.8
31;Сыр полутвердый (голландский);-;+;-;-;-;-;-;-;-;-;361.3333333333333;26.666666666666668;27.333333333333332;0.0
32;Чечевица зерно;-;-;-;-;-;-;-;-;-;+;295.0;24.0;1.5;46.5
33;Тунец натуральный Консервы;-;-;-;+;-;-;-;-;-;-;96.0;22.666666666666668;0.6666666666666666;0.0
34;карри;-;-;-;-;-;-;-;-;-;+;352.0;12.7;13.8;25
35;Печень куриная;+;-;-;-;-;-;-;-;-;-;140.0;20.5;6.0;1.5
36;Куриные желудки;+;-;-;-;-;-;-;-;-;-;94.0;17.0;2.0;0.0
37;Макароны из муки в/с;-;-;-;-;-;+;+;-;-;-;338.0;12.0;2.0;70.0
38;Сухари ржаные;-;-;-;-;-;+;+;-;-;+;335.0;16.666666666666668;1.6666666666666667;70.0
39;Лимон;-;-;-;-;-;-;-;-;-;+;33.333333333333336;0.0;0.0;3.3333333333333335
40;Сок томатный;-;-;-;-;-;-;-;-;-;+;18.0;1.0;0.0;3.0
41;Сыворотка творожная;-;+;-;-;-;-;-;-;-;-;18.2;0.8;0.2;3.6
42;Фасоль зерно;-;-;-;-;-;+;-;-;-;+;298.0;21.0;2.0;47.0
43;Куриный окорочок;+;-;-;-;-;-;-;+;-;-;184.66666666666666;21.333333333333332;11.0;0.16666666666666666
44;Куриные ножки без кожи, тушеные;+;-;-;-;-;-;-;-;-;-;153.33333333333334;26.666666666666668;6.666666666666667;0.0
45;pasta zara паутинка;-;-;-;-;-;+;+;-;-;-;350.0;12.0;1.0;71.0
46;Куриные бедра без кожи, тушеные;+;-;-;-;-;-;-;-;-;-;175.71428571428572;25.714285714285715;8.571428571428571;0.0
47;Куриный бульон;-;-;-;-;-;-;-;-;-;+;30.039525691699605;4.446640316205534;1.0869565217391306;0.790513833992095
48;Соль поваренная пищевая;-;-;-;-;-;-;-;-;-;+;0.0;0.0;0.0;0.0
49;Куриная голень;+;-;-;-;-;-;-;-;-;-;150.0;15.0;10.0;0.0
50;Сельдерей, корень;-;-;+;-;-;-;-;-;-;+;32.0;1.5;0.5;6.5
51;Лавровый лист;-;-;-;-;-;-;-;-;-;+;300.0;0.0;0.0;100.0
52;Сахар-песок;-;-;-;-;-;-;-;-;-;+;380.0;0.0;0.0;100.0
53;Тыква;-;-;-;-;-;-;-;-;-;+;22.0;1.0;0.125;4.375
54;Корица;-;-;-;-;-;-;-;-;-;+;240.0;0.0;0.0;80.0
55;Судак;-;-;-;+;-;-;-;-;-;-;83.0;19.0;0.8333333333333334;0.0
56;Сухарики из белого хлеба;-;-;-;-;-;+;+;-;-;+;330.83333333333337;10.833333333333334;1.6666666666666667;72.5
57;Масурдал, суп из чечевицы Ярмарка;-;-;-;-;-;+;-;-;-;+;300.0;22.0;1.6;49.2
58;Приправа Kamis Прованские травы;-;-;-;-;-;-;-;-;-;+;200.0;33.333333333333336;0.0;33.333333333333336
59;Шафран;-;-;-;-;-;-;-;-;-;+;300.0;0.0;0.0;66.66666666666667
60;Кальмар (мясо);-;-;-;-;+;-;-;-;-;-;100.0;18.0;2.0;2.0
61;Осьминог;-;-;-;-;+;-;-;-;-;-;82.0;15.0;1.0;2.0
62;Мидии;-;-;-;-;+;-;-;-;-;-;77.14285714285715;11.428571428571429;1.4285714285714286;2.857142857142857
63;Пшено;-;-;-;-;-;+;-;-;-;+;348.0;12.0;3.0;69.0
64;Свинина лопаточная часть;+;-;-;-;-;-;-;+;-;-;365.6;14.8;29.4;0.0
65;Томатная паста;-;-;-;-;-;+;+;-;-;-;102.0;4.0;0.0;20.0
66;пастернак;-;-;-;-;-;-;-;-;-;+;47.0;1.0;1.0;9.0
67;барбарис;-;-;-;-;-;-;-;-;-;+;152.0;0.0;0.0;38.0
68;Имбирь корень;-;-;-;-;-;-;-;-;-;+;350.0;10.0;10.0;70.0
69;Баранина с косточкой;+;-;-;-;-;-;-;-;-;-;209.0;15.6;16.4;0.0
70;Горох сушеный;-;-;-;-;-;-;-;-;-;+;298.0;20.4;2.0;49.6
71;Индейка, грудка без кожи;+;-;-;-;-;-;-;-;-;-;84.0;19.2;0.8;0.0
72;Сливки, 10,0% жирности;-;+;-;-;-;-;-;-;-;-;119.0;3.0;10.0;5.0
73;Подосиновики;-;-;-;-;-;-;-;-;+;+;22.0;3.3333333333333335;0.6666666666666666;1.3333333333333333
74;Белый гриб;-;-;-;-;-;-;-;-;+;+;34.0;3.6666666666666665;1.6666666666666667;1.0
75;Куриная спинка;+;-;-;-;-;-;-;+;-;-;319.0;14.0;28.666666666666668;0.0
76;семга;-;-;-;+;-;-;-;-;-;-;140.0;21.6;6.0;0.0
77;Редис;-;-;-;-;-;-;-;-;-;+;20.0;2.0;0.0;4.0
78;Оливки. Консервы;-;-;-;-;-;-;-;-;-;+;175.0;1.842105263157895;16.315789473684212;5.2631578947368425
79;Ребрышки копченые свиные;+;-;-;-;-;-;-;+;-;-;220.0;12.0;42.0;0.0
80;Сметана 10,0% жирности;-;+;-;-;-;-;-;-;-;-;118.75;2.5;10.0;3.75
81;Уксус 3%;-;-;-;-;-;-;-;-;-;+;0.0;0.0;0.0;0.0
82;Говядина грудинка мякоть;+;-;-;-;-;-;-;-;-;-;224.5;17.0;17.5;0.0
83;Паприка сушёная, молотая;-;-;-;-;-;-;-;-;-;+;280.0;20.0;20.0;60.0
84;Фасоль в томате "Бобовая страна";-;-;-;-;-;-;-;-;-;+;112.09876543209877;6.913580246913581;0.7407407407407408;19.506172839506174
85;Кета натуральная Консервы;-;-;-;+;-;-;-;-;-;-;129.0;21.666666666666668;4.666666666666667;0.0
86;Хмели-сунели;-;-;-;-;-;+;-;-;-;+;420.0;0.0;40.0;20.0
87;Салат;-;-;+;-;-;-;-;-;-;+;13.333333333333334;0.0;0.0;0.0
88;Соевый соус;-;-;-;-;-;-;-;-;-;+;50.0;10.0;0.0;10.0
89;Щавель;-;-;+;-;-;-;-;-;-;+;22.0;1.6666666666666667;0.3333333333333333;3.0
90;Томат грунтовый;-;-;-;-;-;-;-;-;-;+;17.894736842105264;1.0526315789473684;0.0;3.8596491228070176
91;Яичный белок куриный;-;-;-;-;-;-;-;-;-;-;44.0;12.0;0.0;0.0
92;Кукуруза Консервы;-;-;-;-;-;-;-;-;-;+;119.33333333333333;4.0;1.3333333333333333;22.666666666666668
93;Филе куриное;+;-;-;-;-;-;-;-;-;-;113.0;23.5;2.0;0.5
94;Горчица столовая;-;-;-;-;-;-;-;-;-;+;420.0;0.0;40.0;20.0
95;Квас хлебный;-;-;-;-;-;+;+;-;-;+;27.0;0.2;0.0;5.2
96;Шпинат-пюре. Консервы;-;-;+;-;-;-;-;-;-;+;16.0;2.0;0.0;2.0
97;Хрен;-;-;-;-;-;-;-;-;-;+;55.0;5.0;0.0;10.0
98;Окунь горячего копчения;-;-;-;+;-;-;-;-;-;-;166.0;23.5;8.0;0.0
99;Йогурт 1,5%;-;+;-;-;-;-;-;-;-;-;57.0;4.0;1.5;6.0
100;Лапша рисовая;-;-;-;-;-;+;+;-;-;-;344.0;7.0;0.0;79.0
101;Утка;+;-;-;-;-;-;-;-;-;-;308.0;13.5;28.5;0.0
102;Кунжут-семя;-;-;-;-;-;-;-;-;-;+;566.6666666666667;20.0;50.0;13.333333333333334
103;Макароны из муки в/с;-;-;-;-;-;+;-;-;-;+;338.33333333333337;10.833333333333334;1.6666666666666667;70.83333333333334
104;Вишня;-;-;-;-;-;-;-;-;-;+;52.0;0.6666666666666666;0.3333333333333333;10.666666666666666
105;Крахмал картофельный;-;-;-;-;-;-;-;-;-;+;327.0;0.0;0.0;80.0
106;Лимонная кислота;-;-;-;-;-;-;-;-;-;+;0.0;0.0;0.0;0.0
107;Путассу;-;-;-;+;-;-;-;-;-;-;72.0;16.0;0.6666666666666666;0.0
108;Мюсли "Lucky Days" Тропический микс;-;-;-;-;-;+;-;-;-;+;290.0;8.571428571428571;1.4285714285714286;61.42857142857143
109;Семена льна;-;-;-;-;-;-;-;-;-;+;543.0;18.29;42.16;28.88
110;Гречневая крупа продел;-;-;-;-;-;-;-;-;-;+;300.0;10.0;2.0;60.0
111;Яблоки;-;-;-;-;-;-;-;-;-;+;47.142857142857146;0.0;0.0;10.0
112;Минтай;-;-;-;+;-;-;-;-;-;-;70.0;16.0;0.8571428571428571;0.0
113;Форель морская;-;-;-;+;-;-;-;-;-;-;157.0;20.6;4.4;0.0
114;Куриный фарш;+;-;-;-;-;-;-;+;-;-;143.0;17.4;8.2;0.0
115;Кориандр;-;-;-;-;-;-;-;-;-;+;0.0;0.0;0.0;0.0
116;Зира (кумин);-;-;-;-;-;-;-;-;-;+;120.0;20.0;0.0;40.0
117;Вино сухое;-;-;-;-;-;-;-;-;-;+;68.0;0.0;0.0;0.25
118;Охотничьи колбаски;+;-;-;-;-;+;-;+;-;-;463.3333333333333;25.333333333333332;40.0;0.6666666666666666
119;Брусника;-;-;-;-;-;-;-;-;-;+;46.0;1.0;1.0;8.0
120;Тмин;-;-;-;-;-;-;-;-;-;+;330.0;20.0;20.0;50.0
121;Рассол огуречный;-;-;-;-;-;-;-;-;-;+;12.0;0.0;0.0;0.5
122;Крапива;-;-;+;-;-;-;-;-;-;+;34.0;2.0;0.0;6.0
123;Маслины средние и мелкие;-;-;-;-;-;-;-;-;-;+;115.0;1.0;11.0;6.0
124;Лисички;-;-;-;-;-;-;-;-;+;+;19.0;1.5;1.0;1.0
125;Ботва свекольная;-;-;+;-;-;-;-;-;-;+;28.0;2.0;0.0;6.0
126;Простокваша 2.5%;-;+;-;-;-;-;-;-;-;-;53.0;3.0;2.6;4.2
127;Малина;-;-;-;-;-;-;-;-;-;+;46.0;0.8;0.5333333333333333;8.266666666666667
128;Подсластитель Эритрит;-;-;-;-;-;-;-;-;-;+;0.0;0.0;0.0;0.0
129;Ванильный сахар;-;-;-;-;-;-;-;-;-;+;400.0;0.0;0.0;100.0
130;Бекон;+;-;-;-;-;-;-;-;-;-;500.0;23.333333333333336;45.0;0.0
131;пажитник;-;-;-;-;-;-;-;-;-;+;350.0;50.0;0.0;50.0
132;масала;-;-;-;-;-;-;-;-;-;+;380.0;20.0;20.0;40.0
133;корень фенхеля;-;-;-;-;-;-;-;-;-;+;31.0;1.3333333333333333;0.3333333333333333;7.333333333333333
134;Лапша фунчеза;-;-;-;-;-;-;-;-;-;+;320.0;0.5;0.5;84.0
135;Тофу;-;-;-;-;-;-;-;-;-;+;74.0;8.0;4.0;0.0
136;Водоросли Нори;-;-;-;-;-;-;-;-;-;+;350.0;50.0;0.0;50.0
137;Цуккини;-;-;-;-;-;-;-;-;-;+;15.9375;1.5625;0.3125;3.125
138;Овсяные хлопья геркулес;-;-;-;-;-;+;-;-;-;+;351.42857142857144;12.857142857142858;5.714285714285714;61.42857142857143
139;Грудинка копчено-запеченная (свинина);+;-;-;-;-;-;-;-;-;-;514.0;10.0;53.0;0.0
140;Колбаса вареная докторская;+;-;-;-;-;+;-;+;-;-;257.3333333333333;12.666666666666666;22.0;1.3333333333333333
141;Прованские травы;-;-;+;-;-;-;-;-;-;+;200.0;0.0;0.0;0.0
142;Пиво;-;-;-;-;-;+;-;-;-;+;42.0;0.4;0.0;4.6
143;Свиные ребра с тонким слоем мяса;+;-;-;-;-;-;-;+;-;-;277.0;15.5;23.5;0.0
144;Базилик свежий;-;-;+;-;-;-;-;-;-;+;26.666666666666668;0.0;0.0;6.666666666666667
145;Апельсин;-;-;-;-;-;-;-;-;-;+;43.333333333333336;0.6666666666666666;0.0;8.0
146;Груздь;-;-;-;-;-;-;-;-;-;+;18.666666666666668;1.6666666666666667;0.6666666666666666;1.0
147;Земляника, клубника;-;-;-;-;-;-;-;-;-;+;41.0;0.75;0.5;7.5
148;Томатное пюре. Консервы;-;-;-;-;-;-;-;-;-;+;65.96774193548387;3.5483870967741935;0.0;11.774193548387096
149;маш;-;-;-;-;-;-;-;-;-;+;300.0;23.5;2.0;46.0
150;Курага;-;-;-;-;-;-;-;-;-;+;233.33333333333334;6.666666666666667;0.0;50.0
151;Изюм кишмиш;-;-;-;-;-;-;-;-;-;+;280.0;5.0;0.0;65.0
152;Пастрома из курицы;+;-;-;-;-;+;-;-;-;-;104.0;20.0;2.0;2.0
153;Творог, 5 %;-;+;-;-;-;-;-;-;-;-;145.0;21.0;5.0;3.0
154;Ветчина особая;+;-;-;-;-;+;-;+;-;-;126.0;17.666666666666668;6.333333333333333;0.0
155;Пищевая сода;-;-;-;-;-;-;-;-;-;+;0.0;0.0;0.0;0.0
156;Кресс-салат;-;-;+;-;-;-;-;-;-;+;10.0;0.0;0.0;0.0
157;Дрожжи сухие;-;-;-;-;-;-;+;-;-;+;420.0;60.0;0.0;40.0
158;Тимьян;-;-;-;-;-;-;-;-;-;+;100.0;0.0;0.0;20.0
159;Скумбрия в масле Консервы;-;-;-;+;-;-;-;-;-;-;318.0;14.4;29.0;0.0
160;Яичный желток куриный;-;-;-;-;-;-;-;-;-;+;358.0;16.0;32.0;2.0
161;Сельдь среднесоленая;-;-;-;+;-;-;-;-;-;-;217.2;20.0;15.6;0.0
162;Ванилин;-;-;-;-;-;-;-;-;-;+;300.0;0.0;0.0;0.0
163;Абрикосы;-;-;-;-;-;-;-;-;-;+;44.0;1.0;0.0;9.0
164;Баклажаны;-;-;-;-;-;-;-;-;-;+;24.0;1.2;0.2;4.6
165;Какао-порошок;-;-;-;-;-;-;-;-;-;+;380.0;20.0;20.0;40.0
166;Варенье из малины;-;-;-;-;-;-;-;-;-;+;270.0;0.0;0.0;70.0
167;Хек;-;-;-;+;-;-;-;-;-;-;85.88235294117648;16.47058823529412;2.3529411764705883;0.0
168;Треска;-;-;-;+;-;-;-;-;-;-;75.0;17.5;0.6666666666666666;0.0
169;груша свежая;-;-;-;-;-;-;-;-;-;+;42.22222222222222;0.5555555555555556;0.5555555555555556;11.11111111111111
170;Мед натуральный (мёд);-;-;-;-;-;-;-;-;-;+;310.0;0.0;0.0;80.0
171;Кукурузная крупа;-;-;-;-;-;-;-;-;-;+;328.0;8.0;2.0;72.0
172;Майонез;-;-;-;-;-;-;-;-;-;+;629.0;3.0;67.0;4.0
173;Тесто пельменное;-;-;-;-;-;+;+;-;-;-;231.1764705882353;6.470588235294118;0.5882352941176471;50.588235294117645
174;Батон нарезной;-;-;-;-;-;+;+;-;-;-;262.0;7.5;3.0;51.5
175;Патиссон;-;-;-;-;-;-;-;-;-;+;19.166666666666668;0.8333333333333334;0.0;4.166666666666667
176;Сайра в масле Консервы;-;-;-;+;-;-;-;-;-;-;88.0;17.6;2.0;0.0
177;Банан;-;-;-;-;-;-;-;-;-;+;96.25;1.25;0.0;21.25
178;Смесь замороженная "Овощной суп";-;-;-;-;-;-;-;-;-;+;41.25;2.5;0.25;7.5
179;Бадьян;-;-;-;-;-;-;-;-;-;+;340.0;20.0;20.0;60.0
180;Репа;-;-;-;-;-;-;-;-;-;+;32.0;2.0;0.0;6.0
181;Фасоль стручковая. Консервы;-;-;-;-;-;-;-;-;-;+;16.0;1.0;0.0;2.0
182;Цыплята, 1 категория;+;-;-;-;-;-;-;-;-;-;220.0;18.333333333333336;15.833333333333334;0.0
183;Трюфель;-;-;-;-;-;-;-;-;-;+;100.0;3.2;0.4;2.0
184;Дайкон (японская редька);-;-;-;-;-;-;-;-;-;+;21.0;1.0;0.0;4.0
185;Фасоль стручковая. Витамин;-;-;-;-;-;-;-;-;-;+;27.0;2.5;0.0;4.25
186;Телятина с косточкой;+;-;-;-;-;-;-;-;-;-;96.66666666666667;19.666666666666668;2.0;0.0
187;Красноперка;-;-;-;+;-;-;-;-;-;-;100.2;18.3;3.0;0.0
188;Сазан в т/с Консервы;-;-;-;+;-;-;-;-;-;-;143.2;12.4;8.8;3.6
189;Урюк;-;-;-;-;-;-;-;-;-;+;242.0;5.0;0.0;53.0
190;Крылышко цыплят (целое);+;-;-;-;-;-;-;-;-;-;210.42857142857142;18.0;15.571428571428571;0.0
191;Бамия;-;-;-;+;-;-;-;-;-;-;25.0;2.0;0.0;3.6666666666666665
192;Язык свиной;+;-;-;-;-;-;-;-;-;-;208.0;15.9;16.0;2.1
193;Опята сжемороженные;-;-;-;-;-;-;-;-;-;+;14.0;2.1666666666666665;0.0;1.3333333333333333
194;Лук-шалот;-;-;-;-;-;-;-;-;-;+;72.0;2.5;0.0;17.0
195;Буженина;+;-;-;-;-;-;-;-;-;-;510.0;15.0;50.0;0.0
196;Розмарин;-;-;-;-;-;-;-;-;-;+;330.0;10.0;20.0;60.0
197;Спаржа свежая;-;-;-;-;-;-;-;-;-;+;20.0;2.0;0.0;3.0
198;Куриные крылышки;+;-;-;-;-;-;-;-;-;-;222.0;18.4;16.0;0.0
199;Карп;-;-;-;+;-;-;-;-;-;-;96.0;16.0;3.6;0.0
200;Щука;-;-;-;+;-;-;-;-;-;-;82.0;18.8;0.8;0.0
201;Биокефир Останкинский 0.1%;-;+;-;-;-;-;-;-;-;-;27.0;3.0;0.0;3.5
202;Отруби пшеничные;-;-;-;-;-;-;-;-;-;+;190.0;20.0;0.0;30.0
203;Сахарозаменитель;-;-;-;-;-;-;-;-;-;+;0.0;0.0;0.0;0.0
204;Вермишель;-;-;-;-;-;+;+;-;-;-;373.33333333333337;13.333333333333334;0.0;73.33333333333334
205;Bauer Деревенское Блюдо;-;-;-;-;-;-;-;-;-;+;63.0;2.0;2.0;9.5
206;Цукини;-;-;-;-;-;-;-;-;-;+;16.0;1.6666666666666667;0.3333333333333333;3.0
207;Активиа Питьевая Натуральная;-;+;-;-;-;-;-;-;-;-;50.0;5.0;5.0;5.0
208;Клетчатка "Наше наследие" растительная;-;-;-;-;-;+;-;-;-;+;343.75;12.5;2.5;76.25
209;Гвоздика;-;-;-;-;-;-;-;-;-;+;0.0;0.0;0.0;0.0
210;Сердце говяжье;+;-;-;-;-;-;-;-;-;-;96.0;16.0;3.5;2.0
211;папоротник;-;-;+;-;-;-;-;-;-;+;34.0;4.470588235294118;0.35294117647058826;5.529411764705882
212;Сибас;-;-;-;+;-;-;-;-;-;-;99.0;18.0;3.0;0.0
213;Сулугуни;-;+;-;-;-;-;-;-;-;-;286.25;20.0;22.5;0.0
214;Горчица-семя;-;-;-;-;-;-;-;-;-;+;470.0;30.0;30.0;20.0
215;Мясо лося;+;-;-;-;-;-;-;+;-;-;101.49253731343283;20.8955223880597;1.4925373134328357;0.0
216;Рукола;-;-;-;-;-;-;-;-;-;+;26.0;2.0;0.0;2.0
217;Разрыхлитель теста;-;-;-;-;-;-;-;-;-;+;75.0;0.0;0.0;25.0
218;Протеин Dymatize Elite Whey Protein Isolate;-;-;-;-;-;-;-;-;-;+;351.6666666666667;75.0;5.0;6.666666666666667
219;Какао порошок обезжирений;-;-;-;-;-;-;-;-;-;+;100.0;20.0;10.0;20.0
220;Кокосовая стружка;-;-;-;-;-;-;-;-;-;+;593.3333333333334;13.333333333333334;66.66666666666667;13.333333333333334
221;Аджика;-;-;-;-;-;-;-;-;-;+;70.0;0.0;0.0;10.0
222;кус - кус отварной;-;-;-;-;-;-;-;-;-;+;112.0;3.8;0.2;21.8
223;Уксусная эссенция, 70%;-;-;-;-;-;-;-;-;-;+;20.0;0.0;0.0;0.0
224;Устрица;-;-;-;-;+;-;-;-;-;-;72.0;9.0;2.0;5.0
225;Эстрагон;-;-;-;-;-;-;-;-;-;+;33.333333333333336;0.0;0.0;0.0
226;Легкие барана;+;-;-;-;-;-;-;-;-;-;83.0;16.0;2.0;79.0
227;Куриные сердечки;+;-;-;-;-;-;-;-;-;-;158.6;16.2;10.2;0.6
228;Фетучини;-;-;-;-;-;+;+;-;-;-;384.1666666666667;14.166666666666668;4.166666666666667;68.33333333333334
229;Почки свиные;+;-;-;-;-;-;-;-;-;-;92.0;15.0;3.6666666666666665;2.6666666666666665
230;Анчоусы атлантические;-;-;-;+;-;-;-;-;-;-;135.0;20.0;5.0;0.0
231;Ряженка, 2,5%;-;+;-;-;-;-;-;-;-;-;54.0;3.0;2.5;4.0
232;свиная рулька;+;-;-;-;-;-;-;+;-;-;294.0;18.6;24.8;0.0
233;Вешенки свежие;-;-;-;-;-;-;-;-;+;+;38.0;2.4;0.4;6.4
234;Фасоль печеная в томатном соусе;-;-;-;-;-;-;-;-;-;+;89.2;4.4;1.6;14.0
235;Mission Deli пшеничные лепёшки со злаками;-;-;-;-;-;-;-;-;-;+;279.76190476190476;7.738095238095238;7.738095238095238;45.23809523809524
236;Кус-кус;-;-;-;-;-;+;-;-;-;+;376.0;13.0;1.0;72.0
237;Желатин пищевой;+;-;-;-;-;-;-;-;-;-;355.0;85.0;0.0;0.0
238;Артишоки;-;-;-;-;-;-;-;-;-;+;28.166666666666668;1.1666666666666667;0.16666666666666666;6.0
239;Мята свежая;-;-;+;-;-;-;-;-;-;+;50.0;5.0;0.0;10.0
240;Булгур;-;-;-;-;-;+;-;-;-;+;342.0;12.333333333333334;1.3333333333333333;57.666666666666664
241;Паппарделле;-;-;-;-;-;+;+;-;-;+;366.0;14.5;0.25;66.0
242;нут;-;-;-;-;-;-;-;-;-;+;309.0;20.1;4.3;46.2
243;Клюква замороженная каждый день;-;-;-;-;-;-;-;-;-;+;25.0;0.0;0.0;5.0
244;Тилапия печеная;-;-;-;+;-;-;-;-;-;-;128.0;26.166666666666668;2.6666666666666665;0.0
245;Херес;-;-;-;-;-;-;-;-;-;+;125.0;0.0;0.0;5.0
246;Финики;-;-;-;-;-;-;-;-;-;+;292.0;2.5;0.5;69.0
247;Шея свиная;+;-;-;-;-;-;-;+;-;-;343.0;13.6;31.933333333333334;0.0
248;Багет;-;-;-;-;-;+;+;-;-;-;262.0;7.5;3.0;51.5
249;Конкильони;-;-;-;-;-;+;+;-;-;-;344.0;10.0;1.0;72.0
250;Сосиски столичные;+;-;-;-;-;+;-;+;-;-;234.0;12.0;20.666666666666668;0.6666666666666666
251;Мандарин;-;-;-;-;-;-;-;-;-;+;38.0;0.6666666666666666;0.3333333333333333;7.666666666666667
252;Кофе натуральный молотый;-;-;-;-;-;-;-;-;-;+;200.66666666666666;14.0;14.666666666666666;4.0
253;Смородина черная;-;-;-;-;-;-;-;-;-;+;44.0;1.0;0.0;7.0
254;Арахис;-;-;-;-;-;-;-;-;-;+;552.0;26.0;45.0;10.0
255;Магги на второе для курицы (с пакетом);-;-;-;-;-;-;-;-;-;+;340.0;13.333333333333334;13.333333333333334;46.66666666666667
256;йогурт греческий.савушкин;-;+;-;-;-;-;-;-;-;-;62.85714285714286;7.142857142857143;1.4285714285714286;4.285714285714286
257;Хлебцы пшеничные;-;-;-;-;-;+;+;-;-;+;243.33333333333334;10.0;3.3333333333333335;46.66666666666667
258;Рыжик;-;-;-;-;-;-;-;-;+;+;22.5;2.0;1.0;2.0
259;Килька балтийская;-;-;-;+;-;-;-;-;-;-;137.2;14.0;9.2;0.0
260;Кетчуп Хайнц;-;-;-;-;-;+;-;-;-;+;96.0;1.0;0.0;23.0
261;Каперсы консервированные;-;-;-;-;-;-;-;-;-;+;20.0;0.0;0.0;10.0
262;Лайм;-;-;-;-;-;-;-;-;-;+;15.0;0.0;0.0;5.0
263;Грейпфрут;-;-;-;-;-;-;-;-;-;+;35.0;0.5;0.0;6.5
264;Крабовые палочки;-;-;-;+;-;-;-;-;-;-;88.0;17.5;2.0;0.0
265;Икра осетровая зернистая;-;-;-;-;+;-;-;-;-;-;204.0;30.0;10.0;0.0
266;Горчичный порошок;-;-;-;-;-;-;-;-;-;+;385.71428571428567;42.857142857142854;14.285714285714285;28.57142857142857
267;Наршараб "Грандэлитез" (Азербайджан);-;-;-;-;-;-;-;-;-;+;270.0;0.0;0.0;70.0
268;Агар;-;-;-;-;-;-;-;-;-;+;20.0;0.0;0.0;80.0
269;Слоеное тесто бездрожжевое;-;-;-;-;-;-;-;-;-;+;487.14285714285717;6.857142857142857;31.714285714285715;43.142857142857146
270;Раки морские (лангуст, омар);-;-;-;-;+;-;-;-;-;-;89.0;18.8;1.3;0.5
271;Рябчик;+;-;-;-;-;-;-;-;-;-;253.88888888888889;18.0;20.0;0.5555555555555556
272;Редька черная;-;-;-;-;-;-;-;-;-;+;36.11111111111111;1.6666666666666665;0.0;6.666666666666666
273;Виноград;-;-;-;-;-;-;-;-;-;+;71.66666666666667;0.8333333333333334;0.8333333333333334;15.833333333333334
274;Водоросли Комбу;-;-;-;-;-;-;-;-;-;+;150.0;0.0;0.0;0.0
275;Карбонад варено-копченый из свинины;+;-;-;-;-;-;-;+;-;-;135.0;16.0;8.0;0.0
276;Краб камчатский (мясо);-;-;-;-;+;-;-;-;-;-;96.5;16.0;3.5;0.0
277;пыльца цветочная;-;-;-;-;-;-;-;-;-;+;380.0;20.0;0.0;60.0
278;Проростки маша;-;-;+;-;-;-;-;-;-;+;30.0;3.0;0.5;4.0
279;Ананас;-;-;-;-;-;-;-;-;-;+;52.0;0.3333333333333333;0.16666666666666666;11.833333333333334